image,detections,target_confidence,target_box,target_layer,status
risid_wlgcam2_20200901071001_video_000384_4_0.png,1,0.7498148083686829,"[505.5590515136719, 31.022470474243164, 548.6840209960938, 71.32118225097656]",22,success
risid_wlgcam2_20200901071001_video_000828_1_0.png,1,0.7583978176116943,"[580.6668701171875, 281.1820983886719, 595.3707275390625, 299.40167236328125]",22,success
risid_wlgcam2_20200901071001_video_000834_1_0.png,1,0.6260124444961548,"[576.2315063476562, 243.73382568359375, 591.4563598632812, 261.8742370605469]",22,success
risid_wlgcam2_20200901094001_video_000714_1_0.png,1,0.6237680315971375,"[569.5541381835938, 478.7850036621094, 596.852294921875, 491.8072204589844]",22,success
risid_wlgcam2_20200901094001_video_000834_5_0.png,1,0.9225871562957764,"[493.4383239746094, 212.56199645996094, 521.1398315429688, 242.37400817871094]",22,success
risid_wlgcam2_20200901095002_video_000282_1_0.png,2,0.6245092153549194,"[541.1063232421875, 150.19412231445312, 569.820068359375, 162.0680389404297]",22,success
risid_wlgcam2_20200901095002_video_000288_1_0.png,2,0.8140985369682312,"[475.59649658203125, 76.84586334228516, 501.34625244140625, 87.19867706298828]",22,success
riverine_test(104).jpg,3,0.840617835521698,"[495.47064208984375, 260.98406982421875, 527.9649047851562, 291.9350280761719]",22,success
riverine_test(105).jpg,2,0.6335097551345825,"[577.958984375, 390.62017822265625, 616.1038208007812, 433.30316162109375]",22,success
riverine_test(106).jpg,4,0.6370056867599487,"[522.114501953125, 323.4588928222656, 575.0125122070312, 374.369140625]",22,success
riverine_test(119).jpg,3,0.6630192995071411,"[108.67353057861328, 320.9658203125, 255.34152221679688, 495.4004821777344]",22,success
riverine_test(12).jpg,3,0.866455078125,"[425.76055908203125, 319.82403564453125, 607.3840942382812, 433.5812683105469]",22,success
riverine_test(122).jpg,1,0.9342418313026428,"[97.25619506835938, 322.751708984375, 189.21566772460938, 390.29730224609375]",22,success
riverine_test(13).jpg,2,0.9052551984786987,"[34.80186462402344, 318.7365417480469, 153.80715942382812, 414.6304626464844]",22,success
riverine_test(2).jpg,3,0.5937826037406921,"[489.8438720703125, 523.7825317382812, 623.8558959960938, 598.3788452148438]",22,success
riverine_test(38).jpg,3,0.950962245464325,"[42.96485137939453, 294.5205383300781, 156.52572631835938, 390.965576171875]",22,success
riverine_test(4).jpg,4,0.8870192766189575,"[232.57350158691406, 388.90887451171875, 354.4554443359375, 526.5635986328125]",22,success
riverine_test(41).jpg,3,0.9434979557991028,"[89.0145492553711, 283.85894775390625, 151.0059814453125, 355.599365234375]",22,success
riverine_test(44).jpg,5,0.8189296722412109,"[80.04544830322266, 432.2326354980469, 169.79881286621094, 493.7012023925781]",22,success
riverine_test(86).jpg,1,0.746349573135376,"[90.4775390625, 188.0001983642578, 123.921875, 211.51275634765625]",22,success
riverine_train(1013).jpg,3,0.6237642168998718,"[461.9822692871094, 267.6872253417969, 501.35540771484375, 320.83197021484375]",22,success
