image,detections,selected_confidence,status
risid_wlgcam2_20200901071001_video_000384_4_0.png,1,0.8625855445861816,success
risid_wlgcam2_20200901071001_video_000828_1_0.png,1,0.657011091709137,success
risid_wlgcam2_20200901071001_video_000834_1_0.png,1,0.7008671164512634,success
risid_wlgcam2_20200901094001_video_000714_1_0.png,0,0,no_detection
risid_wlgcam2_20200901094001_video_000834_5_0.png,1,0.9164488315582275,success
risid_wlgcam2_20200901095002_video_000282_1_0.png,2,0.6352334022521973,success
risid_wlgcam2_20200901095002_video_000288_1_0.png,2,0.7398243546485901,success
riverine_test(104).jpg,2,0.8609869480133057,success
riverine_test(105).jpg,3,0.6563062071800232,success
riverine_test(106).jpg,5,0.9019947648048401,success
riverine_test(119).jpg,3,0.6127442717552185,success
riverine_test(12).jpg,2,0.8700178861618042,success
riverine_test(122).jpg,1,0.9069243669509888,success
riverine_test(13).jpg,3,0.9338679313659668,success
riverine_test(2).jpg,5,0.9159547686576843,success
riverine_test(38).jpg,5,0.9532681107521057,success
riverine_test(4).jpg,4,0.7959735989570618,success
riverine_test(41).jpg,4,0.8963134288787842,success
riverine_test(44).jpg,3,0.7557106614112854,success
riverine_test(86).jpg,3,0.5820300579071045,success
riverine_train(1013).jpg,2,0.6527338027954102,success
