bin_start,bin_end,count,mean_confidence,empirical_precision,absolute_gap,ece_contribution
0.00,0.10,0,,,,0.00000000
0.10,0.20,0,,,,0.00000000
0.20,0.30,42,0.273418,0.333333,0.059916,0.00316535
0.30,0.40,50,0.349456,0.480000,0.130544,0.00821029
0.40,0.50,42,0.448797,0.642857,0.194060,0.01025224
0.50,0.60,66,0.551013,0.787879,0.236866,0.01966437
0.60,0.70,105,0.654697,0.923810,0.269113,0.03554321
0.70,0.80,133,0.751977,0.969925,0.217948,0.03646173
0.80,0.90,280,0.850017,0.989286,0.139268,0.04905051
0.90,1.00,77,0.925299,1.000000,0.074701,0.00723521

ECE,0.16958291
total_retained_predictions,795
