image,detections,target_confidence,target_box,status
risid_wlgcam2_20200901071001_video_000384_4_0.png,1,0.7693817019462585,"[327.9006652832031, 19.804136276245117, 355.7919921875, 45.751548767089844]",success
risid_wlgcam2_20200901071001_video_000828_1_0.png,0,0,,no_detection
risid_wlgcam2_20200901071001_video_000834_1_0.png,0,0,,no_detection
risid_wlgcam2_20200901094001_video_000714_1_0.png,0,0,,no_detection
risid_wlgcam2_20200901094001_video_000834_5_0.png,1,0.8631299138069153,"[320.2167663574219, 137.7874298095703, 338.5478820800781, 157.5277862548828]",success
risid_wlgcam2_20200901095002_video_000282_1_0.png,0,0,,no_detection
risid_wlgcam2_20200901095002_video_000288_1_0.png,0,0,,no_detection
riverine_test(104).jpg,1,0.7254089713096619,"[321.69921875, 168.23397827148438, 344.0330810546875, 191.23329162597656]",success
riverine_test(105).jpg,2,0.3875367045402527,,no_confident_target
riverine_test(106).jpg,3,0.7851392030715942,"[340.9921875, 210.8970184326172, 372.7632751464844, 242.75567626953125]",success
riverine_test(119).jpg,2,0.916693389415741,"[67.18865203857422, 207.13909912109375, 158.74720764160156, 318.5458068847656]",success
riverine_test(12).jpg,2,0.9319131970405579,"[277.64593505859375, 205.2595672607422, 395.4063415527344, 282.1032409667969]",success
riverine_test(122).jpg,1,0.8463656306266785,"[61.79377746582031, 208.43106079101562, 121.92088317871094, 254.14804077148438]",success
riverine_test(13).jpg,2,0.9217462539672852,"[60.54901123046875, 167.3792724609375, 133.19815063476562, 218.9066162109375]",success
riverine_test(2).jpg,3,0.8047896027565002,"[315.32122802734375, 340.89031982421875, 401.2584533691406, 391.49365234375]",success
riverine_test(38).jpg,3,0.5492379069328308,,no_confident_target
riverine_test(4).jpg,3,0.88233882188797,"[151.68324279785156, 255.1997528076172, 229.49887084960938, 341.6368408203125]",success
riverine_test(41).jpg,5,0.7531815767288208,"[55.580223083496094, 185.65306091308594, 99.56346130371094, 232.49102783203125]",success
riverine_test(44).jpg,3,0.7695652842521667,"[67.30330657958984, 123.56485748291016, 100.95123291015625, 146.40687561035156]",success
riverine_test(86).jpg,1,0.28754937648773193,,no_confident_target
riverine_train(1013).jpg,1,0.45233154296875,,no_confident_target
