image,original_conf,conf_top20_removed,conf_top40_removed,conf_top60_removed,drop_top20,drop_top40,drop_top60,pointing_inside,pointing_x,pointing_y,inside_attr_ratio,target_box
risid_wlgcam2_20200901071001_video_000384_4_0.png,0.7693817019462585,0.0,0.0,0.0,0.7693817019462585,0.7693817019462585,0.7693817019462585,0,363,27,0.0808579651091404,"[327.9006652832031, 19.804136276245117, 355.7919921875, 45.751548767089844]"
risid_wlgcam2_20200901094001_video_000834_5_0.png,0.8631299138069153,0.26822853088378906,0.0,0.0,0.5949013829231262,0.8631299138069153,0.8631299138069153,0,321,130,0.0754832038848322,"[320.2167663574219, 137.7874298095703, 338.5478820800781, 157.5277862548828]"
riverine_test(104).jpg,0.7254089713096619,0.0,0.0,0.0,0.7254089713096619,0.7254089713096619,0.7254089713096619,0,316,158,0.166235247983161,"[321.69921875, 168.23397827148438, 344.0330810546875, 191.23329162597656]"
riverine_test(106).jpg,0.7851392030715942,0.0,0.0,0.0,0.7851392030715942,0.7851392030715942,0.7851392030715942,0,341,207,0.19761380839600826,"[340.9921875, 210.8970184326172, 372.7632751464844, 242.75567626953125]"
riverine_test(119).jpg,0.916693389415741,0.832014799118042,0.7213150262832642,0.0,0.08467859029769897,0.1953783631324768,0.916693389415741,0,0,84,0.17646479301798537,"[67.18865203857422, 207.13909912109375, 158.74720764160156, 318.5458068847656]"
riverine_test(12).jpg,0.931913197040558,0.0,0.0,0.0,0.931913197040558,0.931913197040558,0.931913197040558,1,317,220,0.8299813581312553,"[277.64593505859375, 205.2595672607422, 395.4063415527344, 282.1032409667969]"
riverine_test(122).jpg,0.8463656306266785,0.0,0.0,0.0,0.8463656306266785,0.8463656306266785,0.8463656306266785,0,81,205,0.2820935692172594,"[61.79377746582031, 208.43106079101562, 121.92088317871094, 254.14804077148438]"
riverine_test(13).jpg,0.9217462539672852,0.6866300106048584,0.290447860956192,0.0,0.23511624336242676,0.6312983930110931,0.9217462539672852,0,82,158,0.3197060291477171,"[60.54901123046875, 167.3792724609375, 133.19815063476562, 218.9066162109375]"
riverine_test(2).jpg,0.8047896027565002,0.7883331179618835,0.3052777945995331,0.41838088631629944,0.0164564847946167,0.49951180815696716,0.3864087164402008,0,339,338,0.544712867127812,"[315.32122802734375, 340.89031982421875, 401.2584533691406, 391.49365234375]"
riverine_test(4).jpg,0.88233882188797,0.5019209980964661,0.3936714828014374,0.0,0.3804178237915039,0.4886673390865326,0.88233882188797,1,183,262,0.6124743711003591,"[151.68324279785156, 255.1997528076172, 229.49887084960938, 341.6368408203125]"
riverine_test(41).jpg,0.7531815767288208,0.6962877511978149,0.6183947920799255,0.5837756991386414,0.05689382553100586,0.13478678464889526,0.16940587759017944,1,58,185,0.3310095641427288,"[55.580223083496094, 185.65306091308594, 99.56346130371094, 232.49102783203125]"
riverine_test(44).jpg,0.7695652842521667,0.0,0.0,0.0,0.7695652842521667,0.7695652842521667,0.7695652842521667,0,81,117,0.10137037219199384,"[67.30330657958984, 123.56485748291016, 100.95123291015625, 146.40687561035156]"
