metric,mean,std
num_images,12.0,
mean_original_conf,0.8308044622341791,0.07213104969236615
mean_conf_top20_removed,0.3144512673219045,0.35768335077326363
mean_conf_top40_removed,0.19409224639336267,0.2668294676506468
mean_conf_top60_removed,0.08351304878791173,0.19820638489059744
mean_drop_top20,0.5163531949122747,0.340690930253706
mean_drop_top40,0.6367122158408165,0.25848988335871953
mean_drop_top60,0.7472914134462675,0.23389434312289076
pointing_accuracy,0.25,
mean_inside_attr_ratio,0.30983359578752107,0.2374938594912813
