image,top5_hit_original_bbox,top5_hit_expanded_bbox,inside_ratio_original_bbox,inside_ratio_expanded_bbox,centroid_inside_original_bbox,centroid_inside_expanded_bbox,centroid_x,centroid_y,target_box,expanded_box
risid_wlgcam2_20200901071001_video_000384_4_0.png,0.14790328673970532,0.3156403475632792,0.0808579651091404,0.16050788505432753,0,0,307,184,"[327.9006652832031, 19.804136276245117, 355.7919921875, 45.751548767089844]","(320, 13, 362, 51)"
risid_wlgcam2_20200901094001_video_000834_5_0.png,0.05245168923360063,0.11003023530958328,0.0754832038848322,0.15833096487954143,0,0,307,204,"[320.2167663574219, 137.7874298095703, 338.5478820800781, 157.5277862548828]","(316, 132, 342, 162)"
riverine_test(104).jpg,0.17357432221875974,0.32533499532564664,0.166235247983161,0.3125269890317452,1,1,321,191,"[321.69921875, 168.23397827148438, 344.0330810546875, 191.23329162597656]","(316, 163, 349, 196)"
riverine_test(106).jpg,0.2680208075303443,0.528362645528858,0.19761380839600826,0.3756321399272233,0,1,336,218,"[340.9921875, 210.8970184326172, 372.7632751464844, 242.75567626953125]","(332, 202, 380, 250)"
riverine_test(119).jpg,0.14992025518341306,0.25478468899521534,0.17646479301798537,0.32293880372521083,1,1,112,227,"[67.18865203857422, 207.13909912109375, 158.74720764160156, 318.5458068847656]","(45, 180, 180, 345)"
riverine_test(12).jpg,0.9284710840552564,1.0,0.8299813581312553,0.9197711621088049,1,1,312,249,"[277.64593505859375, 205.2595672607422, 395.4063415527344, 282.1032409667969]","(248, 186, 415, 301)"
riverine_test(122).jpg,0.3395844824416253,0.5683029968744254,0.2820935692172594,0.4475549878366718,1,1,109,246,"[61.79377746582031, 208.43106079101562, 121.92088317871094, 254.14804077148438]","(46, 197, 136, 265)"
riverine_test(13).jpg,0.6358176358176358,0.993993993993994,0.3197060291477171,0.573305458243446,1,1,86,208,"[60.54901123046875, 167.3792724609375, 133.19815063476562, 218.9066162109375]","(42, 155, 151, 230)"
riverine_test(2).jpg,0.5712750235120247,0.8812306865511219,0.544712867127812,0.7013904060375591,0,1,336,330,"[315.32122802734375, 340.89031982421875, 401.2584533691406, 391.49365234375]","(294, 328, 415, 403)"
riverine_test(4).jpg,0.6281156530408774,0.9470338983050848,0.6124743711003591,0.7361024694877595,1,1,162,283,"[151.68324279785156, 255.1997528076172, 229.49887084960938, 341.6368408203125]","(132, 234, 248, 362)"
riverine_test(41).jpg,0.40373831775700936,0.6557009345794392,0.3310095641427288,0.4679542178528431,0,0,117,195,"[55.580223083496094, 185.65306091308594, 99.56346130371094, 232.49102783203125]","(44, 174, 110, 243)"
riverine_test(44).jpg,0.09037072130759209,0.1787279403055786,0.10137037219199384,0.1953297655739878,0,0,88,156,"[67.30330657958984, 123.56485748291016, 100.95123291015625, 146.40687561035156]","(59, 118, 108, 151)"
