image,detections,max_confidence,target_layer,status
risid_wlgcam2_20200901071001_video_000384_4_0.png,1,0.7498148083686829,22,success
risid_wlgcam2_20200901071001_video_000828_1_0.png,1,0.7583978176116943,22,success
risid_wlgcam2_20200901071001_video_000834_1_0.png,1,0.6260124444961548,22,success
risid_wlgcam2_20200901094001_video_000714_1_0.png,1,0.6237680315971375,22,success
risid_wlgcam2_20200901094001_video_000834_5_0.png,1,0.9225871562957764,22,success
risid_wlgcam2_20200901095002_video_000282_1_0.png,2,0.6428342461585999,22,success
risid_wlgcam2_20200901095002_video_000288_1_0.png,2,0.8140985369682312,22,success
riverine_test(104).jpg,3,0.840617835521698,22,success
riverine_test(105).jpg,2,0.6922091841697693,22,success
riverine_test(106).jpg,4,0.6370056867599487,22,success
riverine_test(119).jpg,3,0.7572847008705139,22,success
riverine_test(12).jpg,3,0.866455078125,22,success
riverine_test(122).jpg,1,0.9342418313026428,22,success
riverine_test(13).jpg,2,0.9052551984786987,22,success
riverine_test(2).jpg,3,0.9194670915603638,22,success
riverine_test(38).jpg,3,0.950962245464325,22,success
riverine_test(4).jpg,4,0.8919564485549927,22,success
riverine_test(41).jpg,3,0.9434979557991028,22,success
riverine_test(44).jpg,5,0.8189296722412109,22,success
riverine_test(86).jpg,1,0.746349573135376,22,success
riverine_train(1013).jpg,3,0.7350273132324219,22,success
