image,image_sha256,status,number_of_initial_detections,target_class_id,target_class_name,target_confidence,target_x1,target_y1,target_x2,target_y2,base_matched_score,base_match_iou,original_width,original_height,scale,pad_left,pad_top,resized_width,resized_height,positive_mass_inside_box,positive_mass_inside_expanded_box,absolute_mass_inside_box,absolute_mass_inside_expanded_box,top5_positive_inside_box,top5_positive_inside_expanded_box,pointing_game_inside_box,pointing_game_inside_expanded_box,positive_centroid_x,positive_centroid_y,centroid_inside_box,centroid_inside_expanded_box,masked_score_top20,confidence_drop_top20,relative_drop_top20,masked_score_top40,confidence_drop_top40,relative_drop_top40,masked_score_top60,confidence_drop_top60,relative_drop_top60,deletion_monotonic
risid_wlgcam2_20200901071001_video_000384_4_0.png,ebe31720fdde07000baf887594c2b32571edfc65ea2b6b066a1fa42e4d00c35d,success,1,0,plastic,0.6418904662132263,327.90618896484375,19.87173843383789,355.9351806640625,46.63098907470703,0.6418904662132263,1.0,1024,1024,0.40625,0,0,416,416,0.025984129137967445,0.03347651565476967,0.025204159827390094,0.03278434330240591,0.06427978988111695,0.08086812275366326,0.0,0.0,303.06390455701086,173.8932158180365,0.0,0.0,0.0,0.6418904662132263,1.0,0.0,0.6418904662132263,1.0,0.0,0.6418904662132263,1.0,1.0
risid_wlgcam2_20200901071001_video_000828_1_0.png,9877f0e4931128c7fac5579e2ed40b95ea170d9f230d6802086c372bcfc293c4,success,1,0,plastic,0.656546950340271,377.0582580566406,182.6731719970703,386.6696472167969,194.97946166992188,0.656546950340271,1.0,1024,1024,0.40625,0,0,416,416,0.07034150475496531,0.09109171506681779,0.06688924511518134,0.08662106502116776,0.01716851558372953,0.025356576862123614,0.0,0.0,290.1516644056297,233.02635680159256,0.0,0.0,0.0,0.656546950340271,1.0,0.0,0.656546950340271,1.0,0.0,0.656546950340271,1.0,1.0
risid_wlgcam2_20200901071001_video_000834_1_0.png,2042a9e9f0dd1b83791cb458d3276aa6648e7fc0a8eeb47237dadeecb5c609f3,success,1,0,plastic,0.5207750201225281,374.2724914550781,158.29957580566406,383.8388977050781,170.27883911132812,0.5207750201225281,1.0,1024,1024,0.40625,0,0,416,416,0.052677563780999886,0.0728399802544997,0.045588919476203665,0.06303814671984478,0.019230769230769232,0.026627218934911243,0.0,0.0,259.66246532212716,235.85593598044926,0.0,0.0,0.01676001027226448,0.5040150098502636,0.9678171770444727,0.0,0.5207750201225281,1.0,0.0,0.5207750201225281,1.0,1.0
risid_wlgcam2_20200901094001_video_000714_1_0.png,c84a41f4918ac8a2677d93628351d8d65802f17b3631592086f94da85649a664,success,1,0,plastic,0.7342866063117981,370.6039123535156,310.9924621582031,387.5562438964844,319.0480651855469,0.7342866063117981,1.0,1024,1024,0.40625,0,0,416,416,0.2034556990139861,0.2486680765726497,0.19492025483810937,0.2382358670243559,0.026296566837107377,0.03214024835646457,0.0,1.0,355.24857822731803,327.7009272254075,0.0,0.0,0.0,0.7342866063117981,1.0,0.0,0.7342866063117981,1.0,0.0,0.7342866063117981,1.0,1.0
risid_wlgcam2_20200901094001_video_000834_5_0.png,26bc5d51ef95657d274640a21a2b8533e32eb4de8fb5a65561c7c344aefaf139,success,1,0,plastic,0.867565929889679,320.38568115234375,138.00733947753906,338.58306884765625,157.53489685058594,0.867565929889679,1.0,1024,1024,0.40625,0,0,416,416,0.125554817515826,0.1698129289369336,0.0869059403710434,0.11754031082531093,0.05855161787365177,0.08505392912172573,0.0,0.0,309.8346856812606,192.61536708518264,0.0,0.0,0.1764313131570816,0.6911346167325974,0.7966364202666224,0.12870658934116364,0.7388593405485153,0.851646330374534,0.11129194498062134,0.7562739849090576,0.8717193228245219,1.0
risid_wlgcam2_20200901095002_video_000282_1_0.png,890e7211b802a6dd2ea336c8f41b48f02d4dafe5c56eef73100b6aa212a50731,success,2,0,plastic,0.5017356872558594,351.630615234375,97.28298950195312,371.0326843261719,104.96137237548828,0.5017356872558594,1.0,1024,1024,0.40625,0,0,416,416,0.010719759012194671,0.015714905869883774,0.01345253002602275,0.019173875429948598,0.010951500497795478,0.017067273503057888,0.0,0.0,315.40413527170136,211.39562370349154,0.0,0.0,0.0,0.5017356872558594,1.0,0.0,0.5017356872558594,1.0,0.0,0.5017356872558594,1.0,1.0
risid_wlgcam2_20200901095002_video_000288_1_0.png,016e7b161de95f6d36376e3c0b17a0b45b64cdf62984e27f96dde04c0218b548,success,2,0,plastic,0.510213315486908,308.61639404296875,49.72968292236328,325.42095947265625,56.84299850463867,0.510213315486908,1.0,1024,1024,0.40625,0,0,416,416,0.05248776712978981,0.06936072831239283,0.0439413996709906,0.05806700591224125,0.015940103852191766,0.02173650525298877,1.0,1.0,303.91137204278385,165.34106170376785,0.0,0.0,0.0,0.510213315486908,1.0,0.0,0.510213315486908,1.0,0.0,0.510213315486908,1.0,1.0
riverine_test(104).jpg,f3b557d79fbc0110803f08426837b8c1a0227ac131d02b78b665f5ebbb425132,success,2,0,plastic,0.793599545955658,223.095458984375,105.84317779541016,244.0830841064453,117.26165008544922,0.793599545955658,1.0,5472,3648,0.07602339181286549,0,69,416,277,0.33348610821697183,0.4614142238516753,0.3221890046963835,0.4457834550601523,0.04316981132075472,0.06113207547169811,0.0,0.0,227.04960670020353,111.27233580795769,1.0,1.0,0.0,0.793599545955658,1.0,0.0,0.793599545955658,1.0,0.0,0.793599545955658,1.0,1.0
riverine_test(105).jpg,e5c8179ccc8b697b0850b3c6caa22d6800fd50fc67055923bf53942103e1da19,success,3,0,plastic,0.8679067492485046,375.0191650390625,237.9763946533203,399.48504638671875,257.0244445800781,0.8679067492485046,1.0,5472,3648,0.07602339181286549,0,69,416,277,0.3332127032146757,0.4375037442514939,0.33162010202445713,0.4354126805642517,0.10784716516023007,0.14174198849630237,1.0,1.0,395.3030754731497,246.87324161055773,1.0,1.0,0.0,0.8679067492485046,1.0,0.0,0.8679067492485046,1.0,0.0,0.8679067492485046,1.0,1.0
riverine_test(106).jpg,4642a2492e1465e1006499da6f80637580ed8d4e44781a9959c071937ae5cbfd,success,5,0,plastic,0.8681237697601318,339.5674743652344,208.6420135498047,373.28900146484375,232.3963623046875,0.8681237697601318,1.0,5472,3648,0.07602339181286549,0,69,416,277,0.5085982195487204,0.5623698384357739,0.5032186408009984,0.5564215029620609,0.14708354345268113,0.1857455034459573,1.0,1.0,345.717525717599,226.36590120809703,1.0,1.0,0.08506031334400177,0.7830634564161301,0.9020182187068735,0.010575163178145885,0.857548606581986,0.9878183692849836,0.0,0.8681237697601318,1.0,1.0
riverine_test(119).jpg,e11f5cbbfe9cba3db6b128137fc1aa10d434bdad6726de1ee668cc1704b8b608,success,2,0,plastic,0.941778838634491,252.7664031982422,299.29449462890625,315.2013854980469,344.5571594238281,0.941778838634491,1.0,3024,4032,0.10317460317460317,52,0,312,416,0.5662557885320706,0.624342672296925,0.5265179187225673,0.5821172089362994,0.7427230046948357,0.8051643192488263,1.0,1.0,295.73230699639737,336.1535800778203,1.0,1.0,0.35017460584640503,0.5916042327880859,0.6281774536852707,0.010475341230630875,0.9313034974038601,0.9888770687969383,0.15600989758968353,0.7857689410448074,0.834345505346153,0.0
riverine_test(12).jpg,75f5865658e6f673d4d7155ffb45be534ac70f6183d546bc6b530398b222d17e,success,2,0,plastic,0.9492773413658142,260.29803466796875,207.54251098632812,347.1307373046875,281.264404296875,0.9492773413658142,1.0,3024,4032,0.10317460317460317,52,0,312,416,0.8710924864538131,0.9085102097837785,0.854445856780941,0.8940120523432865,0.9753846153846154,1.0,1.0,1.0,290.5005525898117,241.53760236525042,1.0,1.0,0.0,0.9492773413658142,1.0,0.0,0.9492773413658142,1.0,0.0,0.9492773413658142,1.0,1.0
riverine_test(122).jpg,425d10dc6f1aec88c52ee67f9f9e1c49799b8e9d3468c4f1a989116e6716f971,success,5,0,plastic,0.8880468606948853,101.61473083496094,267.1188659667969,186.66310119628906,328.1178894042969,0.8880468606948853,1.0,3024,4032,0.10317460317460317,52,0,312,416,0.607152437144239,0.7271091581459521,0.56298296797312,0.6827415975949149,0.8964732650739476,0.9852104664391353,1.0,1.0,137.17939427865113,292.76390678098875,1.0,1.0,0.09765443205833435,0.7903924286365509,0.8900345957172564,0.024396343156695366,0.8636505175381899,0.9725280903109037,0.0,0.8880468606948853,1.0,1.0
riverine_test(13).jpg,3a0b7af7712dd3d019980bb12c37f5e721824eaa4c5abc425a258b905020a510,success,2,0,plastic,0.9244258403778076,97.65362548828125,170.39280700683594,151.70822143554688,216.16513061523438,0.9244258403778076,1.0,3024,4032,0.10317460317460317,52,0,312,416,0.13580589303754106,0.18426472547541642,0.12487823729052364,0.16943781744310146,0.32037206465385787,0.4172003659652333,0.0,0.0,137.55256387836803,207.12940605052066,1.0,1.0,0.8036158680915833,0.12080997228622437,0.1306864942642127,0.6072471737861633,0.3171786665916443,0.3431088279207071,0.45014438033103943,0.4742814600467682,0.5130551736339738,1.0
riverine_test(2).jpg,521883f415e050cedc0260cb34b15f1c701d5aea204e775751385396f0a074d6,success,3,0,plastic,0.8638734817504883,221.38739013671875,192.7355499267578,251.99761962890625,221.4080810546875,0.8638734817504883,1.0,3024,4032,0.10317460317460317,52,0,312,416,0.21336444519183578,0.3149340112783899,0.1716990706772262,0.2534343386618743,0.1897571924097123,0.2791267088349316,0.0,0.0,237.43090571760223,210.96424752016495,1.0,1.0,0.0,0.8638734817504883,1.0,0.0,0.8638734817504883,1.0,0.0,0.8638734817504883,1.0,1.0
riverine_test(38).jpg,9453f0834c8f6644bd34d95edc883794cfa315abdebce29ccd422ac66b3be0dd,success,4,0,plastic,0.8432680368423462,125.50370025634766,173.71298217773438,162.9413604736328,212.13052368164062,0.8432680368423462,1.0,3024,4032,0.10317460317460317,52,0,312,416,0.6099564268623016,0.7112756201561992,0.5949578544109134,0.6937856512797387,0.7403846153846154,0.8557692307692307,1.0,1.0,145.36012520837832,192.7615633787682,1.0,1.0,0.0,0.8432680368423462,1.0,0.0,0.8432680368423462,1.0,0.0,0.8432680368423462,1.0,1.0
riverine_test(4).jpg,18cb07c4dd65f3dee2f2d755545c701ba84ea7a150db07c569c6cdddefa83dd4,success,4,0,plastic,0.8600174784660339,162.46142578125,251.12393188476562,227.71185302734375,344.0559997558594,0.8600174784660339,1.0,3024,4032,0.10317460317460317,52,0,312,416,0.5680204567951163,0.7345216542353142,0.5268478624257931,0.6813246380783289,0.619723865877712,0.7936883629191321,0.0,1.0,167.74918189669296,309.897822441293,1.0,1.0,0.055191416293382645,0.8048260621726513,0.935825238817443,0.013932331465184689,0.8460851470008492,0.9837999438220314,0.0,0.8600174784660339,1.0,1.0
riverine_test(41).jpg,a90d2c2521450298998862c4b84a25d3f14a46b990aac3116ebdb2df4eb1f1a5,success,4,0,plastic,0.8784019947052002,76.13224792480469,261.955810546875,109.37144470214844,305.0792236328125,0.8784019947052002,1.0,3024,4032,0.10317460317460317,52,0,312,416,0.4948032692568228,0.5515464971446515,0.4839286996813391,0.5394915893203488,0.18335500650195058,0.25097529258777634,0.0,1.0,104.14131070158402,269.44188606225146,1.0,1.0,0.0,0.8784019947052002,1.0,0.0,0.8784019947052002,1.0,0.0,0.8784019947052002,1.0,1.0
riverine_test(44).jpg,d96207479c726d03dc830c5854321182ba2ae2bf5e91e2d27826909ed9f8af9e,success,5,0,plastic,0.6259760856628418,64.96635437011719,247.23951721191406,95.29326629638672,274.7510070800781,0.6259760856628418,1.0,3024,4032,0.10317460317460317,52,0,312,416,0.26896772610622216,0.3421388624038913,0.25330975193391936,0.32222122563603056,0.09264305177111716,0.13234721681588166,1.0,1.0,113.08847432149295,243.649335549855,0.0,0.0,0.0,0.6259760856628418,1.0,0.0,0.6259760856628418,1.0,0.0,0.6259760856628418,1.0,1.0
riverine_test(86).jpg,48ab4703db335f54c2e4a8734870952ec02b16476cdfc562a2c9db416b8a056d,success,2,0,plastic,0.49214375019073486,57.77350616455078,148.7498016357422,77.77191162109375,159.9078826904297,0.49214375019073486,1.0,5472,3648,0.07602339181286549,0,69,416,277,0.12035781829539353,0.1615397396093132,0.09420014123007006,0.12643188868810235,0.043091655266757865,0.06412448700410396,0.0,0.0,86.80850700310002,153.53427998654743,0.0,0.0,0.0,0.49214375019073486,1.0,0.0,0.49214375019073486,1.0,0.0,0.49214375019073486,1.0,1.0
riverine_train(1013).jpg,6c9b64fe94d6b54bac3b068d4a64dc6990f04faf174cf08fc18e1c179e67d4fd,success,2,0,plastic,0.7999975681304932,300.296630859375,182.17417907714844,325.9212646484375,207.88499450683594,0.7999975681304932,1.0,5472,3648,0.07602339181286549,0,69,416,277,0.3081399594689028,0.3802549776520964,0.28772215647695826,0.3552494937691744,0.09708458997558524,0.12681315524917422,1.0,1.0,298.66325752349644,181.88965875944396,0.0,1.0,0.0,0.7999975681304932,1.0,0.0,0.7999975681304932,1.0,0.0,0.7999975681304932,1.0,1.0
