metric,n,mean,population_std,median,q1,q3,bootstrap_95ci_low,bootstrap_95ci_high
confidence_drop_top20,21,0.6878553980163166,0.18611474627769717,0.7342866063117981,0.5916042327880859,0.8048260621726513,0.6053821141964623,0.7622365085408092
confidence_drop_top40,21,0.725453255964177,0.17068148199188954,0.793599545955658,0.6259760856628418,0.8636505175381899,0.6500129799946167,0.7967214117369924
confidence_drop_top60,21,0.7291621473573503,0.15177034869926578,0.7857689410448074,0.6259760856628418,0.8638734817504883,0.6634988509118557,0.7927917631609099
relative_drop_top20,21,0.9167235999286738,0.1971858612541819,1.0,0.935825238817443,1.0,0.8192330354351411,0.982376012949926
relative_drop_top40,21,0.9584656490719093,0.14118156735333606,1.0,0.9888770687969383,1.0,0.8886028574515418,0.9979274741162382
relative_drop_top60,21,0.9628152381811736,0.10953924517817268,1.0,1.0,1.0,0.9067715255685895,1.0
deletion_monotonic,21,0.9523809523809523,0.21295885499998,1.0,1.0,1.0,0.7733063992587743,0.9915440121901737
positive_mass_inside_box,21,0.30859214183192174,0.23733483986134016,0.26896772610622216,0.12035781829539353,0.5085982195487204,0.21076929643897785,0.4107420941216959
positive_mass_inside_expanded_box,21,0.37155670406613417,0.26243278453700436,0.3421388624038913,0.1615397396093132,0.5623698384357739,0.2602011260565184,0.4825271890807634
absolute_mass_inside_box,21,0.29121051021191197,0.23215920708862256,0.25330975193391936,0.0869059403710434,0.5032186408009984,0.19672427875071888,0.3925879620854691
absolute_mass_inside_expanded_box,21,0.3501583692653781,0.2572515588903463,0.32222122563603056,0.11754031082531093,0.5564215029620609,0.24768495370513158,0.46439188725681735
top5_positive_inside_box,21,0.2576910624135588,0.3147905031398124,0.09708458997558524,0.043091655266757865,0.32037206465385787,0.13420859051718928,0.393487291110174
top5_positive_inside_expanded_box,21,0.30418519276344375,0.3426804576314536,0.13234721681588166,0.06113207547169811,0.4172003659652333,0.17261781150018163,0.4697860456192826
pointing_game_inside_box,21,0.42857142857142855,0.49487165930539345,0.0,0.0,1.0,0.2446996892537596,0.6345344563069328
pointing_game_inside_expanded_box,21,0.5714285714285714,0.4948716593053935,1.0,0.0,1.0,0.3654655436930671,0.7553003107462404
centroid_inside_box,21,0.5238095238095238,0.49943278484292924,1.0,0.0,1.0,0.3236953458284443,0.7165599389846583
centroid_inside_expanded_box,21,0.5714285714285714,0.49487165930539356,1.0,0.0,1.0,0.3654655436930671,0.7553003107462404
